title,price,rating,reviews,availability
PlayStation PS5 Console – God of War Ragnarök Bundle,,4.8 out of 5 stars,"8,455 ratings",In Stock
PlayStation 5 Console CFI-1215A01X,,4.8 out of 5 stars,"3,206 ratings",In Stock
PlayStation 5 Console (Renewed),,3.4 out of 5 stars,5 ratings,Currently unavailable.
PlayStation 5 Console CFI-1102A,,4.9 out of 5 stars,"7,295 ratings",In Stock
PlayStation 5 Pulse 3D Wireless Headset,,4.7 out of 5 stars,"19,519 ratings",Not Available
PlayStation 5 Digital Edition,,4.9 out of 5 stars,"7,200 ratings",
PlayStation 5 Digital Edition - CFI-1102B,,4.9 out of 5 stars,707 ratings,
PlayStation DualSense Wireless Controller - Starlight Blue - PlayStation 5,,4.8 out of 5 stars,"73,834 ratings",Not Available
"WD_BLACK 2TB SN850 NVMe SSD for PS5 Consoles Solid State Drive with Heatsink - Gen4 PCIe, M.2 2280, Up to 7,000 MB/s - WDBBKW0020BBK-WRSN",,4.8 out of 5 stars,"2,785 ratings",In Stock
PlayStation 5 Console – FINAL FANTASY XVI Bundle,,Previous page of related Sponsored Products,,"This item will be released on June 22, 2023."
PlayStation 4 Slim 500GB Console [Discontinued] (Renewed),,4.5 out of 5 stars,"1,273 ratings",Not Available
PlayStation 4 Slim 1TB Console - Black (Renewed),,4.4 out of 5 stars,"1,249 ratings",Not Available
Sony PlayStation 2 Console - Black (Renewed),,4.3 out of 5 stars,"1,168 ratings",Not Available
Sony PlayStation 4 Slim Limited Edition 1TB Gaming Console,,4.2 out of 5 stars,"1,086 ratings",Not Available
PlayStation 2 Slim Console PS2 (Renewed),,4.2 out of 5 stars,978 ratings,Not Available
"Playstation SONY 4, 500GB Slim System [CUH-2215AB01], Black, 3003347 (Renewed)",,4.7 out of 5 stars,347 ratings,Not Available
Playstation 2 Console - Black (Renewed),,4.2 out of 5 stars,316 ratings,Not Available
PlayStation 4 Slim 1TB Console - Marvels Spider-Man Bundle (Renewed),,4.4 out of 5 stars,308 ratings,Not Available
Xbox Series X – Forza Horizon 5 Bundle,,4.7 out of 5 stars,423 ratings,Only 1 left in stock - order soon
Sonic Origins Plus - PlayStation 5,,Previous page of related Sponsored Products,,"This item will be released on June 23, 2023."
DualSense Edge Wireless Controller,,4.8 out of 5 stars,"73,834 ratings",In Stock
Tchia: Oléti Edition (PS5),,Previous page of related Sponsored Products,,"This item will be released on July 18, 2023."
Star Wars Jedi: Survivor Deluxe - PlayStation 5,,4.1 out of 5 stars,25 ratings,In Stock
Roblox Digital Gift Card - 800 Robux [Includes Exclusive Virtual Item] [Online Game Code],,4.5 out of 5 stars,"138,054 ratings",Available now
"Heiko PS5 Faceplates for Playstation 5 Console Disc Edition, Upgrade Your Console with This Heiko Replacement Shell Featuring Cooling Vents and a Sleek Design, Easy to Install and fit Perfectly(Blue)",,4.7 out of 5 stars,31 ratings,Not Available
Minecraft Legends - Deluxe Edition PlayStation 5,,5.0 out of 5 stars,1 rating,In Stock
"SKULL AND BONES – PlayStation 5, Standard Edition",,Previous page of related Sponsored Products,,"This item will be released on December 1, 2023."
"G-STORY 15.6"" Inch IPS 4k 60Hz Portable Monitor Gaming Display Integrated with PS5(not Included) 3840×2160 with 2 HDMI Ports,FreeSync,Built-in 2 of Multimedia Stereo Speaker,UL",,4.5 out of 5 stars,281 ratings,In Stock
"Opcables Fiber Optic HDMI 2.1 Cable High-Speed 48Gbps Supports 8K@60Hz 4K@120Hz YUV 4:4:4 HDR, Dolby eARC HDCP2.2 Compatible PS5 Xbox Blu-ray Series X Apple TV Projection Computer Projector(32.8FT)",,4.7 out of 5 stars,14 ratings,In Stock
